tick	_total	create	finish	memory	needList	roomUpdate	run
17471962	4670,1	78,4	0,1	623,6	650,5	18,7	3294
17472062	4764,2	109,9	0,1	680,9	659,1	18,1	3291,5
17472155	6903	164,9	0,3	1025,1	1046,4	27,8	4629,6
17472255	5612	127,4	0,2	787,7	842,6	23,4	3824,1
17472355	5510,6	153,5	0,2	728,2	773,4	24,3	3824
17472448	6558	175,2	0,2	967,5	946,7	30,6	4428,8
17472539	5858,8	165,8	0,2	843,1	823,2	23,6	3995
17472639	5629,2	132,6	0,2	859,4	816,8	24,8	3787,7
17472739	5054,7	96	0,3	711,4	744,7	22,7	3473,2
17472839	5476,8	150,9	0,2	732,7	726,5	22,4	3837,7
17472935	5023,9	86,1	0,1	723,8	675,2	20	3513,7
17473031	5510,6	239,2	0,2	814	752,8	24,5	3672,2
17473131	5406,1	131,6	0,2	841,9	712,8	24,3	3687,5
17473231	5858,7	101,3	0,2	751,9	797,1	25	4176,2
17473331	4922,8	74,3	0,1	633,1	703,3	20,4	3486,1
17473430	5135	75,7	0,1	593,5	651,2	17,8	3791,6
17473528	4506,2	70,3	0,1	558	627,7	20,4	3224
17473628	4577,8	72,1	0,2	647,6	652	25,7	3174,8
17473728	4464,5	111,5	0,2	556,5	622	20,4	3148,7
17473828	5033,4	108,1	0,2	784,9	635,6	20,7	3477,2
17473928	4540,2	71,5	0,2	674,7	615,8	19,9	3152,1
17474028	4739,9	72,3	0,2	782,6	644,3	20,9	3213,1
17474128	4751,3	50,6	0,2	687,5	751,9	19,9	3234,3
17474228	4822,6	36,9	0,2	719,6	664,3	19,6	3375,4
17474327	4889,3	65,7	0,2	718,3	670,5	20	3408,3
17474427	4506,8	124,9	0,2	663,3	625,5	18,7	3067,4
17474527	4839,4	120,6	0,2	703,5	638,5	17,4	3353,1
17474627	4841,2	116,5	0,2	634,3	655,6	18,6	3408,4
17474721	5263,4	81,4	0,2	779,5	766,4	26,4	3602,9
17474821	5458,7	78,6	0,2	792,4	772,9	23,5	3784,4
17474921	5532,5	91,2	0,2	744,9	810	22,8	3843,2
17475021	5073	60	0,2	660,6	699,9	18,8	3627,6
17475121	5054,3	117,2	0,1	603,5	678,7	19,4	3630,4
17475221	5282,2	87,8	0,1	648,2	644,2	17,7	3879,9
17475321	4928,6	79,3	0,1	676,1	692,3	18,2	3457,7
17475420	5196,6	79,1	0,1	651,6	671,8	17,1	3772,7
17475520	5495,8	44,5	0,1	722,3	803,7	16	3904,7
17475619	5208,9	85	0,1	658,1	628,9	19,1	3812,7
17475719	5959,2	82,9	0,1	652,4	708,7	17,2	4493,5
17475819	4843,4	62,3	0,1	838,6	932,4	20,2	2984,1
17475919	4430,1	81,9	0,1	666,6	746,1	19,7	2910,6
17476019	4750,5	78,1	0,2	715,3	709,8	18,7	3223,3
17476119	4786,6	117,2	0,1	772,1	746,9	20,2	3124,5
17476218	4398,7	110,6	0,1	763,2	709,5	19,8	2790,8
17476318	4226	144,1	0,2	678,2	775,1	18,3	2605
17476418	4189,5	89,7	0,2	698,4	629,4	15,8	2750,8
17476518	4262,4	89,6	0,1	772,9	628,4	19,1	2746,9
17476618	4178	80,9	0,2	697,3	614,7	18,3	2760,9
17476718	4690,5	79,6	0,1	762,5	625,2	22,5	3195,1
17476818	4600,7	78,5	0,1	790,7	761,1	22	2942,7
17476918	4172,6	99,2	0,2	763,7	616,5	20,2	2667,9
17477018	4335,6	116,9	0,2	734,5	611,1	20	2847,8
17477118	4357,8	79,4	0,1	697,8	580,9	19,4	2975,4
17477217	4663,2	87,6	0,2	1007,9	640,9	15,6	2904,8
17477316	4571	99	0,2	800,4	796,9	20,6	2847,2
17477416	4930,4	201,4	0,2	762	771,6	24,4	3162,3
17477516	4701,6	120,8	0,2	719,4	749,4	21,2	3084,2
17477616	4348,3	78,7	0,1	619,4	629,3	20,3	2995,1
17477716	4390,9	76,6	0,2	593,4	579,4	18,6	3118
17477816	4189,2	96,1	0,1	603	591,9	18,5	2874,4
17477915	3858,5	73,4	0,1	596,3	533,9	18,1	2631,7
17478015	4129,8	118,3	0,1	581,8	530,7	17,8	2876,5
17478115	3861,1	80,2	0,1	572,9	506,6	19	2678
17478213	4117,2	93,6	0,1	635	609,9	19,6	2753,2
17478301	3049,2	110,3	0,2	709,2	637	12,1	1574
17478391	3919,4	122	0,2	786,7	719,4	26,2	2257,4
17478491	4237,4	91,1	0,2	760,8	690,7	25,1	2662,5
17478591	4826,3	111,2	0,2	721,2	716,4	26,6	3244,9
17478691	4074,4	79,6	0,1	646,3	585,8	20,9	2736,4
17478791	3628,2	73,8	0,2	585,9	576,9	21,7	2364,1
17478891	3656	61,8	0,2	571,5	519,6	17,7	2479,1
17478991	3725,8	71,8	0,2	608,3	556,6	16	2466,2
17479091	3808,6	63	0,2	719,2	520,7	16,9	2482,9
17479191	3726,5	64,5	0,2	561,8	543,4	18,2	2532
17479291	3929,1	55,5	0,2	537,5	518,2	15,9	2796,2
17479391	3731,8	41,9	0,2	606,1	530,1	16,2	2531,6
17479491	3996,5	85,5	0,2	672,9	572,8	22	2632,7
17479591	3890,8	81,2	0,2	682,7	582,3	19,3	2518,5
17479691	4012,2	69,5	0,2	684,2	525,5	18,2	2708,5
17479791	4054,7	94,1	0,2	709,5	564,6	19,2	2660,2
17479892	3940,5	67,7	0,2	700,6	551,2	19,4	2595,1
17479992	4374,4	98	0,2	728,6	553,6	20,3	2967,8
17480092	3881,5	74,4	0,2	710,7	555,4	20,9	2513,7
17480192	3813,1	67,7	0,2	848,2	552,4	18,5	2319,9
17480292	3940,5	58,7	0,2	715,4	560,1	18,5	2581,8
17480392	3983,3	69,2	0,2	692,6	588,7	17,9	2608,5
17480492	3582,7	75,8	0,2	674,6	538,3	21,2	2266,3
17480592	4131	77,8	0,2	683,1	532,9	18,3	2811,7
17480692	4278,7	75,5	0,2	698	533,8	17,9	2947,4
17480792	4177	66,6	0,2	675	551,1	20,5	2857,6
17480892	3626,4	50,3	0,2	677,5	533,8	17,6	2341
17480992	3917,5	93,6	0,2	788,5	545,7	25,3	2458,6
17481092	4412,6	121	0,2	738,1	557,8	20,4	2968,4
17481192	4329,8	105,4	0,2	723,7	602,9	24,1	2866,6
17481292	4045,2	85,4	1,8	582,4	564	19,5	2784,9
17481392	3998	124,4	0,2	577,2	557,9	22,5	2710,4
17481492	4148	118,2	0,1	559,8	537,3	19,1	2908,4
17481592	4185,8	65,9	0,2	590,3	567,9	19,3	2936,1
17481692	4038,5	106,4	0,2	582,5	552,8	17,9	2772,9
17481792	4107	115,6	0,2	582,6	568,2	19,8	2814,4
17481892	5099,7	114,7	0,2	606,7	579,4	18	3774,3
17481992	4506	70	0,2	626,2	613,1	18,3	3172,1
17482091	5152,4	107,1	0,2	690	679,1	23	3646,1
17482191	5700,4	84,7	0,2	787	763,1	24,8	4033,7
17482291	5198	73	0,2	698,7	774,7	23,3	3621,2
17482391	5076,8	72,5	0,2	715	741,4	23,7	3517,7
17482491	5186,4	89,9	0,1	777,4	682	20,3	3612,1
17482596	5481	81,2	0,1	655,7	705,3	17	4052,9
17482699	5183,9	83	0,1	751,9	719,1	22,3	3646,6
17482999	6429,6	130,6	0,2	954,8	712,8	29,1	4596,3
17483099	5354,5	92,7	0,2	1002,4	682,7	29,1	3541,7
17483199	5450,1	79,1	0,2	1044,7	690,1	31,8	3599,3
17483299	5687,6	124,6	0,2	998,4	661	26,4	3871,6
17483501	5712,4	109,6	0,2	1186,4	692,3	31,5	3687
17483601	5889,9	92,5	0,2	1128,7	681,5	33,3	3948,6
17483701	5775	78,8	0,2	1124,7	687,5	29,6	3849
17483801	5759,9	80,6	0,2	1193,2	712,7	30,6	3731,6
17483901	5480,3	69,6	0,1	1066,9	764	30,5	3544,7
17484001	5925,6	158,2	0,1	1056,7	641,8	30,1	4033,9
17484101	5440,7	72,7	0,1	1040,8	608	34,7	3680,3
17484201	4884,5	80,5	0,1	1125,7	581,4	29,3	3063,1
17484301	4911,1	75,5	0,1	1106,6	591,1	34,2	3099,2
17484401	5123,5	45,9	0,1	1175	609,1	30,7	3258,6
17484501	4568,5	69,9	0,1	1065,8	585,7	30,6	2812
17484601	4736,3	88	0,1	1077	582,1	29,9	2955
17484701	5675	113,1	0,1	1090,1	633,2	31,2	3802,1
17484801	4971,4	65,3	0,1	1143	631,4	33,6	3093
17484901	4904,9	111,8	0,1	1071,4	600,7	28,9	3086,9
17485001	5267,6	96,9	0,1	1111,5	611,4	27,7	3415,1
17485101	5320,8	93,9	0,1	1153,8	616,8	27,6	3423,7
17485201	5231,8	65,7	0,1	1155,8	604,8	29,6	3370,8
17485301	5041,9	113,4	0,1	1144,4	622	25,9	3131,4
17485401	5154,1	105,8	0,1	1093,5	591,6	32,9	3325,5
17485501	5416	105,2	0,1	1311,4	619,1	29	3345,7
17485601	5136,6	119,9	0,1	1093,8	672,7	33	3212,2
17485701	5196,6	147,3	0,1	1063	693,7	30	3257,9
17485801	5484,3	136,5	0,1	1007,8	630,5	33,1	3671,8
17485901	4958	109,3	0,1	995,4	609,9	29,9	3208,7
17486001	4886,3	58,6	0,1	1043,2	637,8	30,5	3111,5
17486101	5479,3	72,4	0,1	1101,9	624,5	34,2	3641,5
17486201	5034,1	50,5	0,1	1199	737,7	29,3	3012,8
17486301	4740,2	66	0,1	1085	631,4	35,3	2917,9
17486401	4962,5	94	0,1	1117	642,4	29,5	3074,6
17486502	5155,9	177,2	0,2	1046,1	672,4	34,7	3220,2
17486602	5009,4	102,2	0,2	982,6	663,3	36,4	3219,1
17486702	4999,3	124,5	0,1	1115,2	654,7	29,6	3069,7
17486802	5097,7	108,5	0,2	908,7	643,9	28,1	3403,4
17486902	5101,1	138,2	0,1	964,9	737,1	29,8	3225,5
17487002	4904,4	62,5	0,2	933,4	634,5	33,4	3235,1
17487102	4837,7	109,5	0,1	870,9	657,7	26,8	3167,2
17487202	4891,8	87,1	0,2	929,9	662,6	24,2	3182,6
17487301	5264	115,7	0,2	990,6	689	33,8	3428,8
17487401	5969,8	84	0,2	1300,5	796,9	47,9	3732,3
17487501	5982,7	112,6	0,2	1243,2	744,6	42,1	3832,8
17487601	5538,5	150,8	0,2	1258,2	785,9	45,9	3290,6
17487701	5553	126,4	0,2	1301	622,1	58,2	3438,8
17487801	5902,6	81,6	0,2	1325,2	703,1	50,4	3735,3
17487901	5611,4	77,6	0,3	1301,6	640,1	35,8	3549,6
17488001	5573,8	89,6	0,2	1408,1	643,3	42	3384,2
17488101	6320,4	75,6	0,2	1492,6	700,6	33,8	4011,9
17488201	5518,3	49,9	0,2	1382	683,8	40,7	3355,1
17488301	5627,9	97,3	0,2	1523	675,8	36,7	3289
17488401	5414,1	138,2	0,2	1151,3	643,8	34,1	3440,8
17488501	5455,8	148,8	0,2	1455,3	678,1	31,2	3136,7
17488600	5156,5	102,4	0,2	1219,9	675,2	32,1	3120,7
17488703	5815,4	133,3	0,2	1449,9	754,5	127,4	3434
17488803	7738,9	119,4	0,2	1609,5	737,3	1910,9	3354,4
17488903	7058,3	151,6	0,2	1385,1	804,5	1388,9	3320,7
17489003	6109,1	148,6	0,2	1525,4	613	682,5	3132,8
17489202	5258,7	129,9	0,1	1224	629,7	530,7	2739,4
17489301	5684,9	126	0,2	1179,6	664,1	783,7	2926,2
17489401	5419	80,8	0,1	1149,1	613,9	695,4	2875,4
17489509	5645,8	98,8	0,1	1249,1	651,9	974,6	2786,6
17489607	5921	89,9	0,2	1218,7	610,3	1058,9	2937,1
17489707	6193,6	95,6	0,2	1153,3	741,2	1056,1	3134,9
17489807	5729,6	99,1	0,2	1193,8	662,6	1082,3	2684,6
17489907	6148	123,3	0,2	1231	690,7	1027,1	3068,3
17490007	4931,5	86,6	0,1	831,6	556,1	501,5	2949,4
17490107	3690	68,7	0,1	482,4	581	120,9	2431,4
17490207	3826,7	99,3	0,2	480,9	570,1	222,6	2447
17490307	4477,2	77,4	0,1	610,2	621,4	253,7	2908,1
17490408	4381,1	65,8	0,2	649	559,7	312,9	2787,3
17490508	4544,8	57,1	0,7	660,9	567,5	449,1	2792,2
17490608	4813,2	66,1	0,1	689,9	585,7	610,2	2855,3
17490708	4183,2	91,3	0,4	648,6	564,5	444,2	2428,3
17490808	4696,2	90,8	0,2	584,1	608,2	464,4	2942,4
17490908	4457,7	62,6	0,1	483,3	587,3	490	2829,1
17491008	4592,4	90,5	0,1	538,3	665,7	510,9	2781,2
17491108	4874	91,1	0,1	602,7	717,3	518,1	2938,2
17491208	4426	46,7	0,1	631,3	594,8	630,7	2516,3
17491308	4346,4	83,2	0,2	518,4	601,5	552,6	2584,3
17491408	4859,1	109,7	0,2	690,9	589,9	603,8	2858,6
17491508	4766,3	60,8	0,2	562,6	633,3	763,7	2738,5
17491608	4813,5	79,5	0,2	584,2	598,2	770,6	2773,7
17491708	4461,7	49,5	0,1	589,9	563,5	526,4	2726
17491808	4997,7	117,2	0,2	877,2	641,4	585,3	2768,6
17491908	5315,5	75,5	0,2	796	720,3	528,5	3188,2
17492008	4986,3	69,8	0,2	754,3	609,9	577,5	2968,4
17492108	4891,6	52,3	0,2	860,3	561,1	603,1	2808,3
17492208	4715,8	78,1	0,2	757,8	592,5	733,7	2547,6
17492308	5066,4	74,7	0,2	736,6	612,8	648,5	2986,8
17492408	5024,1	75,1	0,1	704	580,1	738,2	2920,6
17492508	4778,6	81,9	0,2	773	595	648,2	2674,2
17492608	5095,6	55,4	0,2	713,1	669	701,3	2950,6
17492707	6323,4	127	0,2	942,6	765,4	852,5	3627,9
17492807	5752,4	91,8	0,2	1044,5	820,8	801,6	2984,8
17492907	5813,2	148,9	0,2	861,4	785,4	693	3317,4
17493007	5937,5	58,1	0,2	845,2	721,3	845,3	3461,9
17493107	5122,7	123,5	0,2	756	697,8	814,7	2725,6
17493207	5885,5	119,3	0,1	788,3	614,3	940,5	3418,1
17493307	5320,3	93,4	0,1	895,5	657,8	724,8	2943,7
17493407	5652,5	117,6	0,1	797,1	676	806	3250,7
17493507	5562,3	59,6	0,1	762,7	682	837,4	3215,5
17493607	6042,6	80,6	0,4	804,7	844,6	726,9	3580,1
17493707	5706,9	70,6	0,1	765,2	648,9	772,1	3445,5
17493807	5790,2	78,1	0,1	775	762,1	749	3421
17493907	5961,6	91,7	0,1	924	648,5	678,7	3613,8
17494107	5710,8	80,5	0,1	730,4	683,7	855,5	3356,4
17494207	5597,9	50,5	0,1	770,9	634,1	770,9	3367,6
17494307	6078,6	128,9	0,1	807,5	695,5	949,5	3492,3
17494407	6224,7	61,3	0,1	926,1	663,1	884,3	3685,2
17494507	6271,5	84,4	0,2	824,2	776,2	915,3	3665,6
17494607	6276,9	135,5	0,1	900,1	828,8	1063,2	3343,2
17494707	6225,2	107,2	0,1	937	734,1	917,4	3523,4
17494807	5866,4	111,6	0,1	924,8	705,6	890,9	3227,6
17494907	5766,7	98	0,1	848,6	674,1	1231,5	2908,9
17495007	5839,6	210,9	0,1	820,6	613,5	999,4	3189,4
17495107	5600,7	95,4	0,1	758,4	642,6	951,7	3147
17495207	5343,1	128	0,2	983,6	628,5	992,9	2604,3
17495307	5843,9	159,1	0,1	1088,2	668,5	1149,4	2772,2
17495407	5406,2	112	0,1	766	701,3	992,6	2828
17495507	4976,6	155,6	0,1	812,7	642,1	1003,7	2356,7
17495607	5032,9	184,8	0,1	821,5	574,1	944,2	2503,7
17495707	4856,9	180,6	0,1	746,1	583,4	1003,1	2338,4
17495807	4712,3	106	0,6	709,1	554,9	1117,9	2219,1
17495907	5373,9	134,3	0,2	911,8	585,3	1224,1	2512,6
17496007	4915,6	79,9	0,1	702,7	638,8	1023,6	2466
17496107	5357,2	98,9	0,1	940,8	612,3	1066,5	2633,5
17496207	4907,6	68,4	0,1	854	623	1038,1	2319,1
17496307	5585,4	96,9	0,1	907,7	628,2	1055,5	2891,6
17496407	5186,6	137,4	0,1	761,7	615,2	945,8	2721,4
17496507	4943,6	52,9	0,1	731,1	626,1	938,1	2590,9
17496607	4970,1	63,2	0,1	804,1	634,4	877,4	2586,1
17496707	5301,2	62	0,1	793	610	869,7	2961,9
17496807	4820,9	58,6	0,1	841,6	587,2	836,7	2491,7
17496907	5248,8	60,6	0,1	825,7	569,7	938,5	2849
17497007	5154,5	64,5	0,1	782,2	635,3	962,9	2704,7
17497107	4750,5	107	0,1	835,8	607,6	883,9	2310,7
17497207	5607	162,1	0,1	917,6	659,4	934,3	2928,2
17497307	5293,6	107,2	0,1	810,5	658	936,6	2776
17497407	5586,2	74,9	0,1	1027,4	611,7	978,9	2888
17497507	5341,9	65,8	0,2	925,1	665,9	941,6	2738,8
17497607	5299,1	64,1	0,1	861,1	592,2	1055,9	2720,9
17497708	5889	90,5	0,2	888,5	679,3	1090,6	3134,6
17497808	5597,1	75,8	0,1	907,6	624,5	972,8	3011,3
17497908	5443	123,7	0,2	943,6	647,5	1119,9	2603,2
17498008	5796,1	120,4	0,2	965,4	672,3	1168,4	2864
17498107	5363,2	72,2	0,1	890,6	640,9	979,9	2774,3
17498207	6312,7	90,4	0,2	1192,8	834,5	1212,8	2975,1
17498307	6434,4	99,1	0,2	1052,6	696,3	1272,6	3306,8
17498407	6183	118,9	0,2	1011,6	721,6	1025,4	3298,7
17498507	4903,4	71,4	0,1	809,6	591,5	914,1	2511
17498607	5034,3	100,9	0,1	855,2	580,1	906,9	2572,4
17498707	5367,7	97,1	0,2	887,7	613,2	840,2	2923,8
17498807	4599,1	55,4	0,1	834,7	627,7	871,2	2204,4
17498907	5407,9	130,6	0,1	921,4	599,4	972,8	2778,1
17499007	5447,7	98,9	0,2	928,2	599,2	974	2841,2
17499107	5815,4	61,8	0,2	1040,9	626,7	1016,6	3062,6
17499207	5189,8	121,8	0,2	840,3	607,4	997	2616,8
17499307	5142,3	152,2	0,2	864,6	571,1	913,5	2635,1
17499407	5220,1	46,5	0,2	895,6	558,3	1001,6	2712,3
17499507	4880,7	74	0,2	828	596,7	865,9	2510,7
17499607	5238,8	118,4	0,4	868,5	620,1	1134,6	2491
17499707	4823	129,4	0,2	808,8	559,9	959,2	2359,7
17499807	5218,3	138,6	0,2	840,6	581,8	984	2666,9
17499907	5065,1	143,1	0,2	874,8	586,9	1081,3	2372,7
17500007	5470,2	107,3	0,2	1180,1	695,2	1091,3	2389,4
17500107	5990,8	100,4	0,3	1132,3	652	1003,5	3096,6
17500207	5270,1	83,4	0,1	1019,6	659,3	1027,6	2474,5
17500307	5012,1	84,6	0,1	1103,4	606	1081,8	2130,5
17500407	5867,2	52	0,1	1047	597,5	984,9	3179,8
17500507	5834,3	44,8	0,1	1024,9	599,5	1011	3148,1
17500607	5588,5	47,6	0,2	1061,3	569	1001,4	2903,1
17500707	5714,5	90,7	0,2	1044,5	666,5	1069,3	2837,3
17500907	5377,4	72,3	0,1	921,4	650,7	921,7	2805,9
17501007	5761,8	89,5	0,1	900,6	725,8	939,6	3100,4
17501107	5492,5	88,9	0,1	946,6	660,5	1038	2752,9
17501207	5217	88,9	0,1	931,9	672,7	992,7	2525,4
17501308	5280,3	89,3	0,1	898,5	606,8	965,9	2714,1
17501408	5188,5	157,9	0,1	921,9	595,7	1069,4	2438,1
17501508	5571,6	95,6	0,2	1131,3	704,8	1004,6	2629,2
17501608	5391,9	75,3	0,1	831,6	633,8	991,2	2854
17501708	5385,5	74,6	0,1	1034,4	608,3	1003,8	2658,2
17501808	5337,5	79	0,1	924,9	602,3	1077,9	2648,5
17501908	5151,3	76,4	0,2	907,6	592,2	955	2614,4
17502008	5241,3	79	0,1	873,8	578,1	910,2	2795,4
17502108	4905,9	77	0,1	962,2	600,7	938,8	2322,7
17502208	5097,8	89,6	0,1	874,5	598,6	871,1	2658,7
17502308	5145	57,8	0,1	925,4	570	971,6	2615
17502408	5170,5	111,1	0,1	877,6	604,8	889,7	2681,2
17502508	5105,9	95,2	0,1	1036,4	552,1	846,3	2570,3
17502608	5518,2	99,1	0,1	941,2	606,1	919,1	2936,9
17502708	5433,1	88,3	0,1	833,3	628,5	1025,4	2850,6
17502808	5745,8	98,9	0,1	915,1	637,9	1011,6	3076
17502908	5307,8	55,6	0,2	1076,6	620,7	959	2590,1
17503008	5201,6	89,6	0,1	918,4	574,4	983,6	2629,6
17503108	5761,5	106	0,1	976,4	709,9	983,6	2979,2
17503208	5771,5	100,9	0,2	1037,5	677,2	993,9	2955,1
17503308	5208,5	65,2	0,1	895,3	656,2	1060,7	2524,8
17503408	5647,9	148,4	0,2	1011,9	620,5	1058,8	2801,9
17503507	5364,3	80,4	0,2	962,5	640,9	970,7	2703,4
17503607	6053,5	80,3	0,2	1163,5	731,3	1070,1	3000,6
17503707	6055,6	139,5	0,2	1089,2	730,3	1069,9	3020,2
17503807	6093,7	107,9	0,2	1091,1	754,1	1000,8	3132,5
17503911	5738,7	105,1	0,2	1105,2	710	1137,1	2732,8
17504011	5666,3	112,5	0,2	1050,8	696,3	1104,9	2697,6
17504111	5785,9	162	0,1	1227,2	639	1112,4	2640,7
17504211	5794	113,9	0,2	1203,9	695,5	1161,2	2614
17504311	5916,2	127,8	0,2	1162,8	674,8	1091,5	2854,7
17504411	5936,3	88,4	0,2	1244,7	659,3	1036,2	2903,4
17504511	5208,7	67,7	0,1	1017,6	594,7	935,1	2589
17504611	5434,5	78,6	0,1	980,4	553,1	1045,8	2772,6
17504711	5099,6	69,8	0,1	979,2	573,3	1090,3	2382,5
17504811	5311,4	90,6	0,1	966,2	595,5	996,4	2658,6
17504911	5151,8	59	0,1	993,1	608,1	944,3	2543,5
17505011	5471,2	72,7	0,1	1033,1	609,5	910,7	2841,7
17505111	5322,3	95,3	0,1	1019,8	639,6	898,8	2665
17505211	5656,1	69,8	0,1	1013,8	590,7	1000,3	2977,2
17505311	5062,8	70,5	0,1	1005,1	573,8	876,4	2533
17505411	5468,9	74,6	0,1	1106	665,9	961,8	2655,7
17505511	5766,8	105,5	0,2	999,2	591,4	1008,4	3058
17505611	5504,4	51,9	0,1	1085,9	632,8	1184,4	2544,9
17505711	5418,8	92,4	0,1	1031,7	721,2	958,3	2610,7
17505911	5857,7	68,5	0,1	1208,4	622,9	959,2	2993,6
17506011	5324,5	81,3	0,1	1021,8	670	1155,7	2391,2
17506111	5638,4	65,9	0,1	1086,8	654	1104,7	2722,3
17506211	5682,6	84,2	0,1	1048,1	742,5	1091,8	2711,3
17506311	5366,6	38,1	0,2	1217,3	683,6	1052,2	2369,2
17506411	6165,6	113,3	0,2	1421,7	705,9	1229,1	2689,3
17506511	6257,8	147	0,2	1215,4	730,6	1115	3043
17506611	5858,6	87,8	0,2	1143	746,9	1232	2643,1
17506711	6170,7	126	0,2	1286,9	720,5	1136,4	2893,8
17506912	5881,4	50,9	0,2	1215,1	732,1	1170	2706,6
17507012	6501,6	99,8	0,2	1346,8	775,3	1131,6	3141
17507112	6816,3	112,4	0,2	1373,5	756,1	1232,9	3334
17507212	6805,9	95,5	0,2	1248,6	789,7	1332,1	3333,5
17507312	6593,2	89,7	0,2	1318,3	795,1	1263,9	3120,2
17507412	6770,7	84,1	0,2	1356,1	675,7	1231,7	3417,1
17507512	6503,6	131,1	0,2	1246,2	714,6	1362,8	3043,3
17507612	6766,4	110,6	0,2	1452,6	744,2	1311,4	3141,6
17507712	6900,9	172	0,2	1300,5	748,5	1588,6	3085,1
17507812	7403,5	148,1	0,2	1337	774,6	1625,6	3512,1
17507927	7083,2	82	0,2	1367	696,5	1494	3521,9
17508187	7142,6	70,6	0,1	1423,8	785,9	1395,5	3777,6
17508407	6236,6	57	0,1	1275,9	697,5	1465	2736,1
17508743	6076,4	70,3	0,1	1470,7	694,8	1208,6	2627,3
17508858	6757,3	102,8	0,1	1288,5	693,1	1306,6	3413,9
17508972	6530,9	53,7	0,1	1293,7	695,1	1443,8	3196,4
17509173	7195,2	229,9	0,2	1384,5	910,9	1462,4	3198,8
17509273	7209,2	176,3	0,3	1331,5	828,6	1430,3	3434,5
17509373	7057,2	65,3	0,1	1578,9	736,8	1463,9	3205,5
17509473	6509,2	59,1	0,1	1030,6	712,2	1514	3188,1
17509574	6617,3	81,4	0,2	1181,9	691	1447,3	3209,6
17509674	6268	134,4	0,1	1232	648,4	1342,4	2901,1
17509774	6766,9	118,3	0,1	1222,6	709	1392,4	3318,9
17509874	6896,4	79,9	0,1	1200,3	730	1540,7	3339,6
17509974	6699,4	77,4	0,1	1376	718,7	1548,2	2972,4
17510074	6617,3	114,3	0,1	1296,1	691,7	1469	3039,4
17510174	6877,1	84,7	0,1	1320,3	743,8	1616,2	3105,7
17510274	7135,2	103,8	0,1	1471,7	693	1458,1	3402,6
17510374	6653,8	62,7	0,1	1323,7	706,1	1526,3	3028,9
17510476	7188,6	59,6	0,1	1490,6	683,3	1684,9	3264
17510600	7040,3	68,4	0,1	1465,1	790,2	1587,8	3325
17510728	7111,6	79,9	0,1	1558,7	759,7	1672,7	3422,5
17510859	6977,4	135	0,1	1382,9	832,8	1519,5	3718,8
17510975	6604,6	106,8	0,1	1118,5	703	1445	3276,3
17511089	6519,3	55,6	0,1	1051,6	689,1	1476,9	3408,5
17511324	6538,3	83,2	0,5	1229,8	709,9	1395,3	3443
17511432	6309,7	83,6	0,1	1001,8	682,7	1467,6	3154,4
17511432	6309,7	83,6	0,1	1001,8	682,7	1467,6	3154,4
17511555	6718,2	128,5	0,6	1165,1	761,1	1414	3545,7
17511555	6718,2	128,5	0,6	1165,1	761,1	1414	3545,7
17511670	6658,9	91,7	0,1	1094,8	743,1	1423,6	3411,4
17511670	6658,9	91,7	0,1	1094,8	743,1	1423,6	3411,4
17511796	6960,2	91,3	0,1	1333,8	763,4	1708,5	3318,4
17511796	6960,2	91,3	0,1	1333,8	763,4	1708,5	3318,4
17511923	7113,2	117,2	0,1	1166,4	739,9	1643,6	3737,8
17511923	7113,2	117,2	0,1	1166,4	739,9	1643,6	3737,8
17512050	6755,2	106,5	0,1	1179,8	747,7	1685,3	3571,1
17512050	6755,2	106,5	0,1	1179,8	747,7	1685,3	3571,1
17512157	6133,8	60,6	0,1	1032,2	692,2	1529,6	2923,7
17512157	6133,8	60,6	0,1	1032,2	692,2	1529,6	2923,7
17512269	6335,8	94,5	0,1	1061,8	701,9	1404,6	3186,5
17512269	6335,8	94,5	0,1	1061,8	701,9	1404,6	3186,5
17512386	6690,7	95,1	0,1	1141,7	730,7	1448,3	3442,6
17512386	6690,7	95,1	0,1	1141,7	730,7	1448,3	3442,6
17512499	6486	85	0,1	925	711,6	1574,7	3331,6
17512499	6486	85	0,1	925	711,6	1574,7	3331,6
17512621	6767,9	67,9	0,1	1239,3	751,3	1479,7	3403,4
17512621	6767,9	67,9	0,1	1239,3	751,3	1479,7	3403,4
17512854	6599	66,8	0,2	1371,9	745,6	1434,2	3155,7
17512854	6599	66,8	0,2	1371,9	745,6	1434,2	3155,7
17512976	6971,5	93,6	0,1	1454,8	700,4	1506,9	3382,6
17512976	6971,5	93,6	0,1	1454,8	700,4	1506,9	3382,6
17513091	6358,7	107,4	0,3	1310,6	672,8	1516,3	2917
17513091	6358,7	107,4	0,3	1310,6	672,8	1516,3	2917
17513220	6895,4	107,5	0,2	1333,8	699,9	1621,8	3679,2
17513220	6895,4	107,5	0,2	1333,8	699,9	1621,8	3679,2
17513582	6650,4	66,6	0,1	1281,6	793,5	1599	2999,9
17513582	6650,4	66,6	0,1	1281,6	793,5	1599	2999,9
17513698	6474,1	109,6	0,1	1215,2	681,6	1499,6	3256,8
17513698	6474,1	109,6	0,1	1215,2	681,6	1499,6	3256,8
17513815	6584,9	82,6	0,1	1235	729,5	1641,2	3117,2
17513815	6584,9	82,6	0,1	1235	729,5	1641,2	3117,2
17513924	6463,6	96	0,1	1159,3	673,8	1307,9	3220,9
17513924	6463,6	96	0,1	1159,3	673,8	1307,9	3220,9
17514042	6595,6	109,8	0,1	1231,7	753,7	1547,1	3289
17514042	6595,6	109,8	0,1	1231,7	753,7	1547,1	3289
17514149	6222,2	101	0,5	1306,2	708	1466,8	2722,7
17514255	6226,4	150,5	0,1	1096,2	739,9	1404,6	2829,7
17514363	6660,5	200,4	0,2	1391,3	878	453,8	3834,7
17514463	5632,4	117,5	0,2	1311,6	833,1	87	3274,2
17514563	6152,9	167,5	0,2	1349,3	823,4	109,7	3696,1
17514663	5611,2	111,8	0,2	1344,2	791,2	78,6	3278,4
17514763	5337,2	115,1	0,1	1288,9	751,7	66,3	3110,1
17514863	5478,9	123,7	0,1	1175,3	713,2	63,3	3398,5
17514963	5519,1	66,5	0,1	1273,4	800,4	66,9	3307
17515063	5205,8	129,6	0,1	1188,5	676	68,9	3138,2
17515163	5330,5	120,4	0,1	1271	746,6	66,5	3121,1
17515263	5095,5	80,9	0,1	1250,5	746,7	73,2	2939,5
17515363	4962,6	102	0,1	1175,7	665,7	62,4	2952,9
17515463	4444,6	95	0,1	1194,1	596,3	57,3	2497,5
17515563	4396,9	74	0,1	1183,5	633,8	58	2443,6
17515663	4810,5	134,3	0,1	1253,4	629,5	56,3	2732,6
17515763	4643,1	105,8	0,1	1218,6	619,4	50,4	2644,7
17515863	4708,8	116,8	0,1	1141,2	657,6	53,6	2735,8
17515963	4644,3	57,6	0,2	1183,5	647,2	50,3	2701,9
17516063	4678,9	144,7	0,1	1081,2	681,7	68,7	2698,2
17516163	4647,7	109,7	0,1	1229,6	687,6	64,8	2550,2
17516263	4686,6	95,2	0,1	1276,9	600,1	51,8	2656,5
17516363	4955,6	99,3	0,1	1364	742,5	73,2	2670,3
17516463	4917,3	68,3	0,1	1392,5	710	62,2	2676,1
17516563	5421,7	82	0,1	1434,5	723	89,7	3085
17516663	5287,4	81,6	0,1	1316,3	643,9	72,7	3166,7
17516763	5029,2	53,1	0,1	1287,8	666,5	64,1	2951,6
17516863	5243,1	80,9	0,1	1393	692,6	73,3	2997,1
17516963	5512,1	85,6	0,1	1503	799,7	58,6	3058,5
17517063	4827,4	88	0,1	1439,7	747,4	62,5	2483,7
17517163	5289,3	96,8	0,1	1373,5	796,7	67,4	2949,2
17517263	5207	79,2	0,1	1461,9	771,5	63,4	2824,8
17517363	4682,4	91,7	0,1	1307,7	694,3	63,4	2519,3
17517463	5163,1	87,1	0,1	1283,5	748,9	59,2	2978,4
17517563	4848,7	73,5	0,1	1237	702,7	52,9	2776,7
17517663	5309,6	121,7	0,1	1313,9	738	72,2	3057,9
17517763	5512	48,3	0,1	1429,1	797,4	53,6	3177,5
17517863	5297,2	104,7	0,1	1408,7	726,2	62,9	2988,9
17517963	5609,3	75,2	0,1	1323,7	781,2	80,9	3342,2
17518063	5512	71,8	0,1	1424,4	747,8	59,6	3203
17518163	5605	82,3	0,1	1396,7	718,2	68,1	3334,6
17518263	5374,1	96,2	0,1	1331	825	61	3055,6
17518363	5669,2	80,3	0,1	1337,5	761,3	60,9	3424,1
17518463	5411,4	94	0,1	1295,6	739,6	61,8	3215,6
17518563	5276,7	57,9	0,1	1276,3	705	60,2	3172,4
17518663	5387,6	70,5	0,1	1226,5	839,1	58,9	3187,7
17518763	5505,3	116,6	0,1	1334,7	763,6	61,8	3223,9
17518863	5155,2	93,6	0,2	1433,7	756,8	64,5	2800,3
17518963	5358,6	81,1	0,1	1395,5	737,1	62	3077,2
17519063	5561,7	70,3	0,1	1518,2	740,4	79,3	3148
17519163	5190,6	86,6	0,1	1515,8	707,4	75,9	2799,1
17519263	5336,1	54,6	0,1	1353,6	793,9	81,9	3046,9
17519363	5410,5	73,7	0,1	1404,6	693,2	59,6	3173,5
17519463	5260,7	75,1	0,1	1501,8	773,4	70,7	2834,7
17519563	5116,5	65	0,1	1582,3	717,1	77,1	2669,8
17519663	5291,1	76	0,1	1462	739	58,3	2950,4
17519762	6143,7	51,6	0,2	1674,5	947,8	96,8	3366
17519862	5750,4	116,2	0,2	1550,4	859,1	89,3	3127,9
17519962	6184,2	146,8	0,2	1672,9	919,5	84,8	3351,8
17520062	5532,4	121,2	0,2	1615,9	793,2	72,4	2922,1
17520162	5967,4	65,9	0,2	1754,2	801,5	73,2	3250
17520262	5253,6	139,7	0,2	1525,6	725,7	55,7	2799,8
17520362	5315,5	122,2	0,2	1597	748,3	59,6	2763,2
17520462	5598,5	44,7	0,2	1499,3	717,9	63,6	3266,6
17520562	5389,8	74,4	0,2	1468,9	786,3	63,2	2990,4
17520662	4959,7	73,8	0,2	1409,3	705,2	66,8	2697,8
17520762	5185,5	84,3	0,2	1316,3	720,3	57,1	3001,1
17520862	5119	66,4	0,4	1480,8	773,9	54,8	2736,8
17520962	5295,4	106,6	0,2	1492,6	716,2	63,9	2910,2
17521062	5359,3	94,1	0,2	1420,9	746,8	73,6	3017,8
17521162	5457,4	116,8	0,2	1536,1	807	57,3	2934
17521262	5284,3	77,1	0,2	1401,4	728,7	67,2	3003,6
17521362	5798,6	114,3	0,2	1698,5	801,5	60,6	3117,5
17521462	5452,1	78,6	0,2	1419,1	830,2	56,2	3062,5
17521562	5363,9	82,3	0,2	1512,3	754,2	69,4	2939,6
17521662	5672,7	129,5	0,2	1608,1	783,6	67,9	3077,2
17521762	5900,8	121,1	0,2	1746,9	697,7	60	3268,7
17521862	5444,6	79,6	0,2	1625,1	687,4	59,7	2987,3
17521962	5656,9	78,1	0,1	1752,2	717,5	82,8	3020,9
17522062	5385,3	35,2	0,1	1680,3	725,4	68,6	2870,2
17522162	5713,5	71,8	0,1	1685,7	767,6	69,4	3113,2
17522262	5566,5	77,6	0,2	1729,1	771,9	65	2916,4
